<?xml version="1.0" encoding="UTF-8"?>
<!DOCTYPE log4j:configuration SYSTEM "log4j.dtd">
<log4j:configuration
	xmlns:log4j="http://jakarta.apache.org/log4j/" debug="true">

	<appender name="fileAppender"
		class="org.apache.log4j.FileAppender">
		<param name="File" value="./Reports/logfile.txt" />
		<layout class="org.apache.log4j.PatternLayout">
			<param name="ConversionPattern"
				value="%d{ISO8601} %-5p - %L - %F %M ::: %m %n" />
		</layout>
	</appender>

	<appender name="console"
		class="org.apache.log4j.ConsoleAppender">
		<layout class="org.apache.log4j.PatternLayout">
			<param name="ConversionPattern"
				value="%d{ISO8601} %-5p [%c{1}] - %t - %L - %F - %M - %m %n" />
		</layout>
	</appender>

	<root>
		<level value="INFO" />
		<appender-ref ref="fileAppender" />
		<appender-ref ref="console" />
	</root>
</log4j:configuration>